<?xml version="1.0" encoding="UTF-8"?>
<project-private xmlns="http://www.netbeans.org/ns/project-private/1">
    <editor-bookmarks xmlns="http://www.netbeans.org/ns/editor-bookmarks/2" lastBookmarkId="0"/>
    <open-files xmlns="http://www.netbeans.org/ns/projectui-open-files/2">
        <group>
            <file>file:/D:/URAD/RENTAL%20MOBIL/netbeans-crud-sederhana-aplikasi-tiket-kereta-api-master/src/rental/Koneksi.java</file>
            <file>file:/D:/URAD/RENTAL%20MOBIL/netbeans-crud-sederhana-aplikasi-tiket-kereta-api-master/src/rental/Admin.java</file>
            <file>file:/D:/URAD/RENTAL%20MOBIL/netbeans-crud-sederhana-aplikasi-tiket-kereta-api-master/src/rental/Index.java</file>
            <file>file:/D:/URAD/RENTAL%20MOBIL/netbeans-crud-sederhana-aplikasi-tiket-kereta-api-master/src/rental/Penyewa.java</file>
            <file>file:/D:/URAD/RENTAL%20MOBIL/netbeans-crud-sederhana-aplikasi-tiket-kereta-api-master/src/rental/Home.java</file>
            <file>file:/D:/URAD/RENTAL%20MOBIL/netbeans-crud-sederhana-aplikasi-tiket-kereta-api-master/src/rental/Login.java</file>
        </group>
    </open-files>
</project-private>
